<?xml version="1.0" encoding="utf-8"?>
<System>
  <P Name="Location">[-7, -7, 1543, 831]</P>
  <P Name="Open">on</P>
  <P Name="SetExecutionDomain">off</P>
  <P Name="ExecutionDomainType">Deduce</P>
  <P Name="ReportName">simulink-default.rpt</P>
  <P Name="SIDHighWatermark">7</P>
  <P Name="SimulinkSubDomain">Simulink</P>
  <Block BlockType="Clock" Name="Clock" SID="3">
    <P Name="Position">[290, 280, 310, 300]</P>
    <P Name="ZOrder">3</P>
    <P Name="Decimation">30</P>
  </Block>
  <Block BlockType="S-Function" Name="Generated S-Function" SID="1">
    <P Name="Ports">[1, 1]</P>
    <P Name="Position">[235, 114, 345, 166]</P>
    <P Name="ZOrder">1</P>
    <P Name="BackgroundColor">darkGreen</P>
    <P Name="CopyFcn">if ~strcmp(get_param(gcb,&apos;Linkstatus&apos;),&apos;none&apos;) &amp;&amp; ...
~strcmp(get_param(gcb,&apos;Linkstatus&apos;),&apos;implicit&apos;)      
  set_param(gcb,&apos;LinkStatus&apos;,&apos;none&apos;);                
end                                                  </P>
    <P Name="FontName">Arial</P>
    <P Name="FontSize">12</P>
    <P Name="FontWeight">bold</P>
    <P Name="FunctionName">Chapter_2_1rbf</P>
    <P Name="SFunctionModules">   </P>
    <P Name="SFunctionDeploymentMode">off</P>
    <P Name="EnableBusSupport">off</P>
    <P Name="SFcnIsStateOwnerBlock">off</P>
    <Mask>
      <Display RunInitForIconRedraw="on">disp([rtw_sf_name, displist]);</Display>
      <Description>Simulink:masks:GenSFuncDesc_MD</Description>
      <Initialization>displist = &apos;&apos;;
if ~strcmp(get_param(gcb, &apos;FunctionName&apos;), rtw_sf_name);
  set_param(gcb, &apos;FunctionName&apos;, rtw_sf_name);
end
% Check if we are generating code
rtw_mode = false;
if strcmpi(get_param(bdroot(gcb),&apos;SimulationStatus&apos;),&apos;Initializing&apos;)
	rtw_mode = strcmpi(get_param(bdroot(gcb),&apos;BuildingRTWCode&apos;),&apos;on&apos;) &amp;&amp; ...
		~strcmpi(get_param(bdroot(gcb),&apos;TargetStyle&apos;),&apos;SimulationTarget&apos;);
end
if showVar || rtw_mode
	if exist(&apos;rtwsfunc&apos;) == 2 | exist(&apos;rtwsfunc&apos;) == 6
		tmplist = rtwsfunc(rtw_sf_name,gcb);
		tmplist = DAStudio.message(&apos;Simulink:masks:GenSFuncListOfModules_IC&apos;, tmplist);
	elseif showVar
		tmplist1 = DAStudio.message(&apos;Simulink:masks:GenSFuncListOfModules_IC&apos;, &apos;&apos;);
        tmplist2 = DAStudio.message(&apos;Simulink:masks:GenSFuncNotLicensed_IC&apos;);
        tmplist = [tmplist1 tmplist2];
 	end
end
if showVar
  displist = tmplist;
end</Initialization>
      <Help>eval(&apos;feval(&apos;&apos;rtwprivate&apos;&apos;,&apos;&apos;rtwhelpview&apos;&apos;,&apos;&apos;rtw_sfcn_block&apos;&apos;)&apos;);</Help>
      <MaskParameter Name="rtw_sf_name" Type="edit" Evaluate="off">
        <Prompt>Simulink:masks:GenSFuncName_MP</Prompt>
        <Value>Chapter_2_1rbf</Value>
      </MaskParameter>
      <MaskParameter Name="showVar" Type="checkbox">
        <Prompt>Simulink:masks:GenSFuncShowModuleList_MP</Prompt>
        <Value>off</Value>
      </MaskParameter>
    </Mask>
  </Block>
  <Block BlockType="Sin" Name="Sine Wave&#xA;Function" SID="2">
    <P Name="Ports">[0, 1]</P>
    <P Name="Position">[125, 125, 155, 155]</P>
    <P Name="ZOrder">2</P>
    <P Name="Frequency">5</P>
    <P Name="SampleTime">0</P>
  </Block>
  <Block BlockType="ToWorkspace" Name="To Workspace" SID="4">
    <P Name="Ports">[1]</P>
    <P Name="Position">[410, 275, 500, 305]</P>
    <P Name="ZOrder">4</P>
    <P Name="VariableName">t</P>
    <P Name="MaxDataPoints">inf</P>
    <P Name="Decimation">30</P>
    <P Name="SaveFormat">Timeseries</P>
    <P Name="FixptAsFi">on</P>
    <P Name="SampleTime">-1</P>
  </Block>
  <Block BlockType="ToWorkspace" Name="To Workspace1" SID="5">
    <P Name="Ports">[1]</P>
    <P Name="Position">[465, 119, 515, 161]</P>
    <P Name="ZOrder">14</P>
    <P Name="VariableName">y</P>
    <P Name="MaxDataPoints">inf</P>
    <P Name="SaveFormat">Timeseries</P>
    <P Name="Save2DSignal">2-D array (concatenate along first dimension)</P>
    <P Name="SampleTime">-1</P>
  </Block>
  <Line>
    <P Name="ZOrder">1</P>
    <P Name="Src">3#out:1</P>
    <P Name="Dst">4#in:1</P>
  </Line>
  <Line>
    <P Name="ZOrder">2</P>
    <P Name="Src">2#out:1</P>
    <P Name="Dst">1#in:1</P>
  </Line>
  <Line>
    <P Name="ZOrder">3</P>
    <P Name="Src">1#out:1</P>
    <P Name="Dst">5#in:1</P>
  </Line>
</System>
