<?xml version="1.0" encoding="utf-8"?>
<System>
  <P Name="Location">[297, 54, 1277, 796]</P>
  <P Name="Open">on</P>
  <P Name="SetExecutionDomain">off</P>
  <P Name="ExecutionDomainType">Deduce</P>
  <P Name="ReportName">simulink-default.rpt</P>
  <P Name="SIDHighWatermark">14</P>
  <P Name="SimulinkSubDomain">Simulink</P>
  <Block BlockType="Clock" Name="Clock" SID="14">
    <P Name="Position">[85, 325, 105, 345]</P>
    <P Name="ZOrder">14</P>
  </Block>
  <Block BlockType="Demux" Name="Demux" SID="3">
    <P Name="Ports">[1, 4]</P>
    <P Name="Position">[595, 161, 600, 199]</P>
    <P Name="ZOrder">3</P>
  </Block>
  <Block BlockType="Demux" Name="Demux1" SID="4">
    <P Name="Ports">[1, 3]</P>
    <P Name="Position">[430, 281, 435, 319]</P>
    <P Name="ZOrder">4</P>
    <P Name="Outputs">3</P>
  </Block>
  <Block BlockType="Mux" Name="Mux" SID="1">
    <P Name="Ports">[2, 1]</P>
    <P Name="Position">[710, 186, 715, 224]</P>
    <P Name="ZOrder">1</P>
    <P Name="Inputs">2</P>
    <P Name="DisplayOption">bar</P>
  </Block>
  <Block BlockType="Mux" Name="Mux1" SID="2">
    <P Name="Ports">[2, 1]</P>
    <P Name="Position">[170, 161, 175, 199]</P>
    <P Name="ZOrder">2</P>
    <P Name="Inputs">2</P>
    <P Name="DisplayOption">bar</P>
  </Block>
  <Block BlockType="S-Function" Name="S-Function" SID="5">
    <P Name="Ports">[1, 1]</P>
    <P Name="Position">[400, 165, 460, 195]</P>
    <P Name="ZOrder">5</P>
    <P Name="SFunctionDeploymentMode">off</P>
    <P Name="EnableBusSupport">off</P>
    <P Name="SFcnIsStateOwnerBlock">off</P>
  </Block>
  <Block BlockType="S-Function" Name="S-Function1" SID="6">
    <P Name="Ports">[1, 1]</P>
    <P Name="Position">[250, 165, 310, 195]</P>
    <P Name="ZOrder">6</P>
    <P Name="SFunctionDeploymentMode">off</P>
    <P Name="EnableBusSupport">off</P>
    <P Name="SFcnIsStateOwnerBlock">off</P>
  </Block>
  <Block BlockType="S-Function" Name="S-Function2" SID="7">
    <P Name="Ports">[1, 1]</P>
    <P Name="Position">[65, 155, 125, 185]</P>
    <P Name="ZOrder">7</P>
    <P Name="SFunctionDeploymentMode">off</P>
    <P Name="EnableBusSupport">off</P>
    <P Name="SFcnIsStateOwnerBlock">off</P>
  </Block>
  <Block BlockType="ToWorkspace" Name="To Workspace" SID="8">
    <P Name="Ports">[1]</P>
    <P Name="Position">[550, 45, 640, 75]</P>
    <P Name="ZOrder">8</P>
    <P Name="VariableName">simout</P>
    <P Name="MaxDataPoints">inf</P>
    <P Name="SaveFormat">Timeseries</P>
    <P Name="FixptAsFi">on</P>
    <P Name="SampleTime">-1</P>
  </Block>
  <Block BlockType="ToWorkspace" Name="To Workspace1" SID="9">
    <P Name="Ports">[1]</P>
    <P Name="Position">[480, 235, 570, 265]</P>
    <P Name="ZOrder">9</P>
    <P Name="VariableName">simout1</P>
    <P Name="MaxDataPoints">inf</P>
    <P Name="SaveFormat">Timeseries</P>
    <P Name="FixptAsFi">on</P>
    <P Name="SampleTime">-1</P>
  </Block>
  <Block BlockType="ToWorkspace" Name="To Workspace2" SID="10">
    <P Name="Ports">[1]</P>
    <P Name="Position">[220, 60, 310, 90]</P>
    <P Name="ZOrder">10</P>
    <P Name="VariableName">simout2</P>
    <P Name="MaxDataPoints">inf</P>
    <P Name="SaveFormat">Timeseries</P>
    <P Name="FixptAsFi">on</P>
    <P Name="SampleTime">-1</P>
  </Block>
  <Block BlockType="ToWorkspace" Name="To Workspace3" SID="11">
    <P Name="Ports">[1]</P>
    <P Name="Position">[540, 275, 630, 305]</P>
    <P Name="ZOrder">11</P>
    <P Name="VariableName">simout3</P>
    <P Name="MaxDataPoints">inf</P>
    <P Name="SaveFormat">Timeseries</P>
    <P Name="FixptAsFi">on</P>
    <P Name="SampleTime">-1</P>
  </Block>
  <Block BlockType="ToWorkspace" Name="To Workspace4" SID="12">
    <P Name="Ports">[1]</P>
    <P Name="Position">[745, 190, 835, 220]</P>
    <P Name="ZOrder">12</P>
    <P Name="VariableName">simout4</P>
    <P Name="MaxDataPoints">inf</P>
    <P Name="SaveFormat">Timeseries</P>
    <P Name="FixptAsFi">on</P>
    <P Name="SampleTime">-1</P>
  </Block>
  <Block BlockType="ToWorkspace" Name="To Workspace5" SID="13">
    <P Name="Ports">[1]</P>
    <P Name="Position">[200, 320, 290, 350]</P>
    <P Name="ZOrder">13</P>
    <P Name="VariableName">simout5</P>
    <P Name="MaxDataPoints">inf</P>
    <P Name="SaveFormat">Timeseries</P>
    <P Name="FixptAsFi">on</P>
    <P Name="SampleTime">-1</P>
  </Block>
  <Line>
    <P Name="ZOrder">1</P>
    <P Name="Src">7#out:1</P>
    <P Name="Points">[17, 0]</P>
    <Branch>
      <P Name="ZOrder">13</P>
      <P Name="Points">[0, -95]</P>
      <P Name="Dst">10#in:1</P>
    </Branch>
    <Branch>
      <P Name="ZOrder">12</P>
      <P Name="Dst">2#in:1</P>
    </Branch>
  </Line>
  <Line>
    <P Name="ZOrder">2</P>
    <P Name="Src">2#out:1</P>
    <P Name="Dst">6#in:1</P>
  </Line>
  <Line>
    <P Name="ZOrder">3</P>
    <P Name="Src">6#out:1</P>
    <P Name="Points">[34, 0]</P>
    <Branch>
      <P Name="ZOrder">7</P>
      <P Name="Points">[0, 120]</P>
      <P Name="Dst">4#in:1</P>
    </Branch>
    <Branch>
      <P Name="ZOrder">6</P>
      <P Name="Dst">5#in:1</P>
    </Branch>
  </Line>
  <Line>
    <P Name="ZOrder">4</P>
    <P Name="Src">5#out:1</P>
    <P Name="Points">[53, 0]</P>
    <Branch>
      <P Name="ZOrder">14</P>
      <P Name="Points">[0, -120]</P>
      <P Name="Dst">8#in:1</P>
    </Branch>
    <Branch>
      <P Name="ZOrder">10</P>
      <P Name="Points">[0, 43; -370, 0; 0, -33]</P>
      <P Name="Dst">2#in:2</P>
    </Branch>
    <Branch>
      <P Name="ZOrder">9</P>
      <P Name="Dst">3#in:1</P>
    </Branch>
  </Line>
  <Line>
    <P Name="ZOrder">5</P>
    <P Name="Src">3#out:4</P>
    <P Name="Dst">1#in:1</P>
  </Line>
  <Line>
    <P Name="ZOrder">8</P>
    <P Name="Src">4#out:3</P>
    <P Name="Points">[228, 0; 0, -95]</P>
    <P Name="Dst">1#in:2</P>
  </Line>
  <Line>
    <P Name="ZOrder">11</P>
    <P Name="Src">14#out:1</P>
    <P Name="Dst">13#in:1</P>
  </Line>
  <Line>
    <P Name="ZOrder">15</P>
    <P Name="Src">4#out:1</P>
    <P Name="Points">[18, 0; 0, -40]</P>
    <P Name="Dst">9#in:1</P>
  </Line>
  <Line>
    <P Name="ZOrder">16</P>
    <P Name="Src">4#out:2</P>
    <P Name="Points">[59, 0; 0, -10]</P>
    <P Name="Dst">11#in:1</P>
  </Line>
  <Line>
    <P Name="ZOrder">17</P>
    <P Name="Src">1#out:1</P>
    <P Name="Dst">12#in:1</P>
  </Line>
</System>
