<?xml version="1.0" encoding="UTF-8"?>
<sltp_graph version="1.1" packageUris="http://schema.mathworks.com/mf0/sltp_mm/R2020a_201913111440">
  <sltp.mm.core.Context type="sltp.mm.core.Context" uuid="c616b787-5bba-4965-b551-92d871c55466">
    <editorState type="sltp.mm.core.EditorState" uuid="1486826e-5bbb-4f6f-bcd0-a0a6a7fec561"/>
    <rootTask type="sltp.mm.core.Task" uuid="066a8bf5-a3c1-4246-af7f-927c3fbcf826">
      <context type="sltp.mm.core.Context" uuid="c616b787-5bba-4965-b551-92d871c55466"/>
      <explicit>false</explicit>
      <name>Default</name>
      <priority>-2147483648</priority>
      <subgraph type="sltp.mm.core.Graph" uuid="b9bf8efe-ea8f-4126-a98f-2820c6844493"/>
    </rootTask>
  </sltp.mm.core.Context>
</sltp_graph>