<?xml version="1.0" encoding="UTF-8"?>
<sltp_graph version="1.1" packageUris="http://schema.mathworks.com/mf0/sltp_mm/R2020a_201913111440">
  <sltp.mm.core.Context type="sltp.mm.core.Context" uuid="3b515d5f-f172-4844-ad32-635b3457a668">
    <priorityDirection>HighNumberLast</priorityDirection>
    <editorState type="sltp.mm.core.EditorState" uuid="1486826e-5bbb-4f6f-bcd0-a0a6a7fec561">
      <isSynchronized>true</isSynchronized>
    </editorState>
    <rootTask type="sltp.mm.core.Task" uuid="03dc1647-d1bd-40e6-98ac-3533c9208b2b">
      <context type="sltp.mm.core.Context" uuid="3b515d5f-f172-4844-ad32-635b3457a668"/>
      <explicit>false</explicit>
      <name>Default</name>
      <priority>-2147483648</priority>
      <subgraph type="sltp.mm.core.Graph" uuid="c58ed4ac-be3b-4cf2-a671-43084f9126c5">
        <tasks type="sltp.mm.core.Task" uuid="f165d3b1-93ac-45c8-a96a-80be43c9bdf4">
          <baseTask>true</baseTask>
          <context type="sltp.mm.core.Context" uuid="3b515d5f-f172-4844-ad32-635b3457a668"/>
          <explicit>false</explicit>
          <id>1</id>
          <name>Cont</name>
          <priority>40</priority>
          <rates type="sltp.mm.core.Rate" uuid="dee0dfd3-f8d2-4eb8-9824-f9884ce0db9e">
            <annotation>Cont</annotation>
            <color>255</color>
            <hasBlocks>true</hasBlocks>
            <rateSpec type="sltp.mm.core.RateSpec">
              <period>0</period>
            </rateSpec>
            <sti>0</sti>
          </rates>
        </tasks>
      </subgraph>
    </rootTask>
  </sltp.mm.core.Context>
</sltp_graph>