<?xml version="1.0" encoding="UTF-8"?>
<sltp_graph version="1.1" packageUris="http://schema.mathworks.com/mf0/sltp_mm/R2020a_201913111440">
  <sltp.mm.core.Context type="sltp.mm.core.Context" uuid="9817d4b6-bfb8-451b-ac98-b60208aeecf9">
    <priorityDirection>HighNumberLast</priorityDirection>
    <editorState type="sltp.mm.core.EditorState" uuid="1486826e-5bbb-4f6f-bcd0-a0a6a7fec561">
      <isSynchronized>true</isSynchronized>
    </editorState>
    <rootTask type="sltp.mm.core.Task" uuid="777a1400-4442-44d8-8f0c-bd5053e759fe">
      <context type="sltp.mm.core.Context" uuid="9817d4b6-bfb8-451b-ac98-b60208aeecf9"/>
      <explicit>false</explicit>
      <name>Default</name>
      <priority>-2147483648</priority>
      <subgraph type="sltp.mm.core.Graph" uuid="e036fc54-ee05-4c87-8f37-501843dc015e">
        <tasks type="sltp.mm.core.Task" uuid="89e80cfc-325a-428e-aa2f-fd22a2ef291f">
          <baseTask>true</baseTask>
          <context type="sltp.mm.core.Context" uuid="9817d4b6-bfb8-451b-ac98-b60208aeecf9"/>
          <explicit>false</explicit>
          <id>1</id>
          <name>Cont</name>
          <priority>40</priority>
          <rates type="sltp.mm.core.Rate" uuid="59acb6ba-6d8f-4197-b8a2-a35fee4693b1">
            <annotation>Cont</annotation>
            <color>255</color>
            <hasBlocks>true</hasBlocks>
            <rateSpec type="sltp.mm.core.RateSpec">
              <period>0</period>
            </rateSpec>
            <sti>0</sti>
          </rates>
        </tasks>
      </subgraph>
    </rootTask>
  </sltp.mm.core.Context>
</sltp_graph>